Number of lines,decode_with_mock without test
1~100,0.00050610
1~1000,0.00079060
1~2000,0.00103540
1~3000,0.00127630
1~4000,0.00151660
1~5000,0.00174470
1~6000,0.00197740
1~7000,0.00228100
1~8000,0.00250150
1~9000,0.00272770
1~10000,0.00295140
