Number of lines,encode_with_mock without test
1~100,0.00060620
1~1000,0.00109280
1~2000,0.00158900
1~3000,0.00207770
1~4000,0.00256770
1~5000,0.00305310
1~6000,0.00353950
1~7000,0.00402580
1~8000,0.00451450
1~9000,0.00499620
1~10000,0.00548040
