Number of lines,encode_with_mock without test
1~100,0.00014130
1~1000,0.00026120
1~2000,0.00037280
1~3000,0.00047640
1~4000,0.00058150
1~5000,0.00068970
1~6000,0.00079610
1~7000,0.00090850
1~8000,0.00101640
1~9000,0.00112300
1~10000,0.00122880
